{
  "baseline": {
    "n=100": {
      "p50": 0.4226300000000265,
      "p95": 0.9238659999999754,
      "p99": 1.4847430000000372,
      "iters": 299
    },
    "n=1000": {
      "p50": 2.12532699999997,
      "p95": 3.1150030000000015,
      "p99": 3.2900450000000205,
      "iters": 200
    },
    "n=5000": {
      "p50": 10.470127000000048,
      "p95": 15.445431999999983,
      "p99": 15.819229000000178,
      "iters": 162
    }
  },
  "tolerance": 1.3
}
